{
	"credit": "Made with Blockbench",
	"textures": {
		"2": "block/red_mushroom_dfx_1",
		"particle": "block/red_mushroom"
	},
	"elements": [
		{
			"from": [7, 0, 7],
			"to": [9, 2, 9],
			"rotation": {"angle": 45, "axis": "y", "origin": [8, 0, 8]},
			"faces": {
				"north": {"uv": [0, 8, 1, 11], "texture": "#2"},
				"east": {"uv": [0, 8, 1, 11], "texture": "#2"},
				"south": {"uv": [0, 8, 1, 11], "texture": "#2"},
				"west": {"uv": [0, 8, 1, 11], "texture": "#2"},
				"up": {"uv": [0, 0, 0, 0], "texture": "#2"},
				"down": {"uv": [10, 5, 11, 6], "texture": "#2"}
			}
		},
		{
			"from": [5, 3, 5],
			"to": [11, 6, 11],
			"rotation": {"angle": 45, "axis": "y", "origin": [8, 0, 8]},
			"faces": {
				"north": {"uv": [10, 6, 16, 9], "texture": "#2"},
				"east": {"uv": [10, 9, 16, 12], "texture": "#2"},
				"south": {"uv": [10, 6, 16, 9], "texture": "#2"},
				"west": {"uv": [10, 9, 16, 12], "texture": "#2"},
				"up": {"uv": [4, 0, 10, 6], "texture": "#2"},
				"down": {"uv": [10, 0, 16, 6], "texture": "#2"}
			}
		},
		{
			"from": [6, 2, 6],
			"to": [10, 3, 10],
			"rotation": {"angle": 45, "axis": "y", "origin": [8, 0, 8]},
			"faces": {
				"north": {"uv": [1, 8, 5, 11], "texture": "#2"},
				"east": {"uv": [1, 8, 5, 11], "texture": "#2"},
				"south": {"uv": [1, 8, 5, 11], "texture": "#2"},
				"west": {"uv": [1, 8, 5, 11], "texture": "#2"},
				"up": {"uv": [1, 8, 2, 9], "texture": "#2"},
				"down": {"uv": [1, 10, 2, 11], "texture": "#2"}
			}
		}
	],
	"display": {
		"thirdperson_righthand": {
			"rotation": [0, 45, 0],
			"translation": [0, 4, 1],
			"scale": [0.6, 0.6, 0.6]
		},
		"thirdperson_lefthand": {
			"rotation": [0, 45, 0],
			"translation": [0, 4, 1],
			"scale": [0.6, 0.6, 0.6]
		},
		"firstperson_righthand": {
			"rotation": [0, 45, 0],
			"translation": [0, 2.75, 0],
			"scale": [0.65, 0.65, 0.65]
		},
		"firstperson_lefthand": {
			"rotation": [0, 225, 0],
			"translation": [0, 2.75, 0],
			"scale": [0.65, 0.65, 0.65]
		},
		"ground": {
			"translation": [0, 3.5, 0],
			"scale": [0.6, 0.6, 0.6]
		},
		"gui": {
			"rotation": [30, 225, 0],
			"translation": [0, 3.5, 0],
			"scale": [1.2, 1.2, 1.2]
		},
		"head": {
			"translation": [0, 14.25, 0]
		},
		"fixed": {
			"translation": [0, 3.25, 0]
		}
	}
}