{
	"credit": "Made with Blockbench",
	"ambientocclusion": false,
	"textures": {
		"2": "block/mangrove_sapling",
		"particle": "block/flower_pot",
		"flowerpot": "block/flower_pot",
		"dirt": "block/dirt"
	},
	"elements": [
		{
			"from": [10, 0, 5],
			"to": [11, 6, 11],
			"faces": {
				"north": {"uv": [5, 10, 6, 16], "texture": "#flowerpot"},
				"east": {"uv": [5, 10, 11, 16], "texture": "#flowerpot"},
				"south": {"uv": [10, 10, 11, 16], "texture": "#flowerpot"},
				"west": {"uv": [5, 10, 11, 16], "texture": "#flowerpot"},
				"up": {"uv": [10, 5, 11, 11], "texture": "#flowerpot"},
				"down": {"uv": [5, 15, 6, 16], "texture": "#flowerpot", "cullface": "down"}
			}
		},
		{
			"from": [6, 0, 5],
			"to": [10, 6, 6],
			"faces": {
				"north": {"uv": [6, 10, 10, 16], "texture": "#flowerpot"},
				"south": {"uv": [6, 10, 10, 16], "texture": "#flowerpot"},
				"up": {"uv": [6, 5, 10, 6], "texture": "#flowerpot"},
				"down": {"uv": [5, 15, 6, 16], "texture": "#flowerpot", "cullface": "down"}
			}
		},
		{
			"from": [6, 0, 10],
			"to": [10, 6, 11],
			"faces": {
				"north": {"uv": [6, 10, 10, 16], "texture": "#flowerpot"},
				"south": {"uv": [6, 10, 10, 16], "texture": "#flowerpot"},
				"up": {"uv": [6, 10, 10, 11], "texture": "#flowerpot"},
				"down": {"uv": [5, 15, 6, 16], "texture": "#flowerpot", "cullface": "down"}
			}
		},
		{
			"from": [6, 0, 6],
			"to": [10, 4, 10],
			"faces": {
				"up": {"uv": [6, 6, 10, 10], "texture": "#dirt"},
				"down": {"uv": [5, 15, 6, 16], "texture": "#flowerpot", "cullface": "down"}
			}
		},
		{
			"from": [5, 0, 5],
			"to": [6, 6, 11],
			"faces": {
				"north": {"uv": [10, 10, 11, 16], "texture": "#flowerpot"},
				"east": {"uv": [5, 10, 11, 16], "texture": "#flowerpot"},
				"south": {"uv": [5, 10, 6, 16], "texture": "#flowerpot"},
				"west": {"uv": [5, 10, 11, 16], "texture": "#flowerpot"},
				"up": {"uv": [5, 5, 6, 11], "texture": "#flowerpot"},
				"down": {"uv": [5, 15, 6, 16], "texture": "#flowerpot", "cullface": "down"}
			}
		},
		{
			"from": [9, 7, 7],
			"to": [11, 9, 9],
			"rotation": {"angle": 0, "axis": "y", "origin": [8, 4, 8]},
			"faces": {
				"north": {"uv": [3, 0, 4, 4], "texture": "#2"},
				"east": {"uv": [3, 0, 4, 4], "texture": "#2"},
				"south": {"uv": [3, 0, 4, 4], "texture": "#2"},
				"west": {"uv": [3, 0, 4, 4], "texture": "#2"},
				"up": {"uv": [3, 0, 4, 1], "texture": "#2"},
				"down": {"uv": [3, 3, 4, 4], "texture": "#2"}
			}
		},
		{
			"from": [6.5, 5, 6.5],
			"to": [9.5, 10, 9.5],
			"rotation": {"angle": 0, "axis": "y", "origin": [8, 3, 8]},
			"faces": {
				"north": {"uv": [2, 0, 3, 6], "texture": "#2"},
				"east": {"uv": [2, 0, 3, 6], "texture": "#2"},
				"south": {"uv": [2, 0, 3, 6], "texture": "#2"},
				"west": {"uv": [2, 0, 3, 6], "texture": "#2"},
				"up": {"uv": [2, 0, 3, 1], "texture": "#2"},
				"down": {"uv": [2, 0, 3, 1], "texture": "#2"}
			}
		},
		{
			"from": [7, 10, 7],
			"to": [9, 13, 9],
			"rotation": {"angle": 0, "axis": "y", "origin": [8, 10, 8]},
			"faces": {
				"north": {"uv": [1, 1, 2, 2], "texture": "#2"},
				"east": {"uv": [1, 1, 2, 2], "texture": "#2"},
				"south": {"uv": [1, 1, 2, 2], "texture": "#2"},
				"west": {"uv": [1, 1, 2, 2], "texture": "#2"},
				"up": {"uv": [1, 0, 2, 1], "texture": "#2"},
				"down": {"uv": [1, 2, 2, 3], "texture": "#2"}
			}
		},
		{
			"from": [5.5, 10, 7.5],
			"to": [7, 12, 9],
			"rotation": {"angle": 0, "axis": "y", "origin": [8, 2, 8]},
			"faces": {
				"north": {"uv": [0, 0, 1, 4], "texture": "#2"},
				"east": {"uv": [0, 0, 1, 4], "texture": "#2"},
				"south": {"uv": [0, 0, 1, 4], "texture": "#2"},
				"west": {"uv": [0, 0, 1, 4], "texture": "#2"},
				"up": {"uv": [0, 0, 1, 1], "texture": "#2"},
				"down": {"uv": [0, 3, 1, 4], "texture": "#2"}
			}
		}
	]
}