{
	"credit": "AntonLandao",
	"parent": "block/template_torch",
	"textures": {
		"0": "block/redstone_torch",
		"particle": "block/redstone_torch"
	},
	"elements": [
		{
			"from": [7, 0, 7],
			"to": [9, 6, 9],
			"faces": {
				"north": {"uv": [12, 0, 16, 6], "texture": "#0"},
				"east": {"uv": [12, 0, 16, 6], "texture": "#0"},
				"south": {"uv": [12, 0, 16, 6], "texture": "#0"},
				"west": {"uv": [12, 0, 16, 6], "texture": "#0"},
				"up": {"uv": [0, 11, 5, 16], "texture": "#0"},
				"down": {"uv": [15, 15, 16, 16], "texture": "#0"}
			}
		},
		{
			"from": [7, 8.25, 7],
			"to": [9, 9.65, 9],
			"faces": {
				"north": {"uv": [6, 0, 7, 3.5], "texture": "#0"},
				"east": {"uv": [6, 0, 7, 3.5], "texture": "#0"},
				"south": {"uv": [6, 0, 7, 3.5], "texture": "#0"},
				"west": {"uv": [6, 0, 7, 3.5], "texture": "#0"},
				"up": {"uv": [2, 0, 6, 4], "texture": "#0"},
				"down": {"uv": [0, 0, 1, 1], "texture": "#0"}
			}
		},
		{
			"from": [6.95, 8, 6.95],
			"to": [9.05, 8.25, 9.05],
			"faces": {
				"north": {"uv": [0, 0, 1.1, 1.25], "texture": "#0"},
				"east": {"uv": [0, 0, 1.1, 1.25], "texture": "#0"},
				"south": {"uv": [0, 0, 1.1, 1.25], "texture": "#0"},
				"west": {"uv": [0, 0, 1.1, 1.25], "texture": "#0"},
				"up": {"uv": [0, 0, 1.1, 1.1], "texture": "#0"},
				"down": {"uv": [0, 0, 1.1, 1.1], "texture": "#0"}
			}
		},
		{
			"from": [6.25, 6, 6.25],
			"to": [9.85, 8, 9.85],
			"faces": {
				"north": {"uv": [0, 0, 0.5, 1], "texture": "#0"},
				"east": {"uv": [0, 0, 0.5, 1], "texture": "#0"},
				"south": {"uv": [0, 0, 0.5, 1], "texture": "#0"},
				"west": {"uv": [0, 0, 0.5, 1], "texture": "#0"},
				"up": {"uv": [0, 0, 0.5, 0.5], "texture": "#0"},
				"down": {"uv": [0, 0, 0.5, 0.5], "texture": "#0"}
			}
		}
	],
	"groups": [0, 1, 2, 3,
		{
			"name": "torch_wall",
			"children": []
		}
	]
}