{
	"credit": "AntonLandao",
	"textures": {
		"0": "block/soul_wall_torch",
		"particle": "block/soul_wall_torch"
	},
	"elements": [
		{
			"from": [1.75, 3, 7],
			"to": [3.75, 7, 9],
			"faces": {
				"north": {"uv": [12, 0, 16, 4], "texture": "#0"},
				"east": {"uv": [12, 0, 16, 4], "texture": "#0"},
				"south": {"uv": [12, 0, 16, 4], "texture": "#0"},
				"west": {"uv": [12, 0, 16, 4], "texture": "#0"},
				"up": {"uv": [0, 11, 5, 16], "rotation": 270, "texture": "#0"},
				"down": {"uv": [15, 15, 16, 16], "rotation": 90, "texture": "#0"}
			}
		},
		{
			"from": [1.75, 11.25, 7],
			"to": [3.75, 12.65, 9],
			"faces": {
				"north": {"uv": [6, 0, 7, 3.5], "texture": "#0"},
				"east": {"uv": [6, 0, 7, 3.5], "texture": "#0"},
				"south": {"uv": [6, 0, 7, 3.5], "texture": "#0"},
				"west": {"uv": [6, 0, 7, 3.5], "texture": "#0"},
				"up": {"uv": [2, 0, 6, 4], "rotation": 270, "texture": "#0"},
				"down": {"uv": [0, 0, 1, 1], "rotation": 90, "texture": "#0"}
			}
		},
		{
			"from": [1.7, 11, 6.95],
			"to": [3.8, 11.25, 9.05],
			"faces": {
				"north": {"uv": [0, 0, 1.1, 1.25], "texture": "#0"},
				"east": {"uv": [0, 0, 1.1, 1.25], "texture": "#0"},
				"south": {"uv": [0, 0, 1.1, 1.25], "texture": "#0"},
				"west": {"uv": [0, 0, 1.1, 1.25], "texture": "#0"},
				"up": {"uv": [0, 0, 1.1, 1.1], "rotation": 270, "texture": "#0"},
				"down": {"uv": [0, 0, 1.1, 1.1], "rotation": 90, "texture": "#0"}
			}
		},
		{
			"from": [1, 7, 6.25],
			"to": [4.5, 11, 9.85],
			"faces": {
				"north": {"uv": [11, 0, 11.5, 4], "texture": "#0"},
				"east": {"uv": [11, 0, 11.5, 4], "texture": "#0"},
				"south": {"uv": [11, 0, 11.5, 4], "texture": "#0"},
				"west": {"uv": [11, 0, 11.5, 3], "texture": "#0"},
				"up": {"uv": [11, 0, 11.5, 0.5], "rotation": 270, "texture": "#0"},
				"down": {"uv": [11, 1, 11.5, 1.5], "rotation": 90, "texture": "#0"}
			}
		},
		{
			"from": [0, 7, 5.3],
			"to": [1, 10, 10.7],
			"faces": {
				"north": {"uv": [11, 1, 12, 2], "texture": "#0"},
				"east": {"uv": [11, 1, 12, 2], "texture": "#0"},
				"south": {"uv": [11, 1, 12, 2], "texture": "#0"},
				"west": {"uv": [11, 1, 12, 2], "texture": "#0"},
				"up": {"uv": [11, 1, 12, 2], "rotation": 270, "texture": "#0"},
				"down": {"uv": [11, 1, 12, 2], "rotation": 90, "texture": "#0"}
			}
		}
	]
}