{
	"credit": "Made with Blockbench",
	"textures": {
		"1": "block/spruce_trapdoor_bottom",
		"2": "block/spruce_trapdoor_side",
		"3": "block/spruce_trapdoor_top_side",
		"particle": "block/spruce_trapdoor",
		"texture": "block/spruce_trapdoor"
	},
	"elements": [
		{
			"from": [0, 0, 13],
			"to": [16, 16, 16],
			"faces": {
				"north": {"uv": [0, 16, 16, 0], "rotation": 180, "texture": "#3"},
				"east": {"uv": [2, 0, 0, 16], "texture": "#2", "cullface": "east"},
				"south": {"uv": [0, 16, 16, 0], "rotation": 180, "texture": "#3", "cullface": "south"},
				"west": {"uv": [2, 0, 4, 16], "texture": "#2", "cullface": "west"},
				"up": {"uv": [0, 2, 16, 0], "rotation": 180, "texture": "#texture", "cullface": "up"},
				"down": {"uv": [0, 0, 16, 2], "texture": "#1", "cullface": "down"}
			}
		}
	]
}