{
	"credit": "Made with Blockbench",
	"ambientocclusion": false,
	"textures": {
		"particle": "block/spruce_door_bottom",
		"bottom": "block/spruce_door_bottom"
	},
	"elements": [
		{
			"from": [0, 0, 0],
			"to": [3, 16, 16],
			"faces": {
				"north": {"uv": [4, 0, 2, 16], "texture": "#bottom", "cullface": "north"},
				"east": {"uv": [0, 0, 16, 16], "texture": "#bottom"},
				"south": {"uv": [0, 0, 2, 16], "texture": "#bottom", "cullface": "south"},
				"west": {"uv": [16, 0, 0, 16], "texture": "#bottom", "cullface": "west"},
				"down": {"uv": [0, 14, 16, 16], "rotation": 90, "texture": "#bottom", "cullface": "down"}
			}
		},
		{
			"from": [-1, 12, 5],
			"to": [4, 16, 6],
			"faces": {
				"north": {"uv": [10, 0, 11, 1], "texture": "#bottom"},
				"east": {"uv": [10, 0, 11, 1], "texture": "#bottom"},
				"south": {"uv": [10, 0, 11, 1], "texture": "#bottom"},
				"west": {"uv": [10, 0, 11, 1], "texture": "#bottom"},
				"up": {"uv": [10, 0, 11, 1], "texture": "#bottom"},
				"down": {"uv": [10, 0, 11, 1], "texture": "#bottom"}
			}
		},
		{
			"from": [-1, 12, 2],
			"to": [4, 16, 3],
			"faces": {
				"north": {"uv": [10, 0, 11, 1], "texture": "#bottom"},
				"east": {"uv": [10, 0, 11, 1], "texture": "#bottom"},
				"south": {"uv": [10, 0, 11, 1], "texture": "#bottom"},
				"west": {"uv": [10, 0, 11, 1], "texture": "#bottom"},
				"up": {"uv": [10, 0, 11, 1], "texture": "#bottom"},
				"down": {"uv": [10, 0, 11, 1], "texture": "#bottom"}
			}
		},
		{
			"from": [-1, 12, 3],
			"to": [4, 13, 5],
			"faces": {
				"north": {"uv": [10, 0, 11, 1], "texture": "#bottom"},
				"east": {"uv": [10, 0, 11, 1], "texture": "#bottom"},
				"south": {"uv": [10, 0, 11, 1], "texture": "#bottom"},
				"west": {"uv": [10, 0, 11, 1], "texture": "#bottom"},
				"up": {"uv": [10, 0, 11, 1], "texture": "#bottom"},
				"down": {"uv": [10, 0, 11, 1], "texture": "#bottom"}
			}
		},
		{
			"from": [-1, 15, 3],
			"to": [4, 16, 5],
			"faces": {
				"north": {"uv": [10, 0, 11, 1], "texture": "#bottom"},
				"east": {"uv": [10, 0, 11, 1], "texture": "#bottom"},
				"south": {"uv": [10, 0, 11, 1], "texture": "#bottom"},
				"west": {"uv": [10, 0, 11, 1], "texture": "#bottom"},
				"up": {"uv": [10, 0, 11, 1], "texture": "#bottom"},
				"down": {"uv": [10, 0, 11, 1], "texture": "#bottom"}
			}
		}
	]
}