{
	"credit": "Made with Blockbench",
	"textures": {
		"0": "block/oak_sapling",
		"particle": "block/oak_sapling"
	},
	"elements": [
		{
			"from": [7, 0, 7],
			"to": [9, 4, 9],
			"rotation": {"angle": -45, "axis": "y", "origin": [8, 0, 8]},
			"faces": {
				"north": {"uv": [0, 8, 1, 9], "texture": "#0"},
				"east": {"uv": [0, 8, 1, 9], "texture": "#0"},
				"south": {"uv": [0, 8, 1, 9], "texture": "#0"},
				"west": {"uv": [0, 8, 1, 9], "texture": "#0"},
				"up": {"uv": [0, 8, 1, 9], "rotation": 270, "texture": "#0"},
				"down": {"uv": [0, 9, 1, 10], "rotation": 90, "texture": "#0"}
			}
		},
		{
			"from": [4, 4, 4],
			"to": [12, 12, 12],
			"rotation": {"angle": -45, "axis": "y", "origin": [8, 0, 8]},
			"faces": {
				"north": {"uv": [0, 0, 8, 8], "texture": "#0"},
				"east": {"uv": [0, 0, 8, 8], "texture": "#0"},
				"south": {"uv": [0, 0, 8, 8], "texture": "#0"},
				"west": {"uv": [0, 0, 8, 8], "texture": "#0"},
				"up": {"uv": [8, 0, 16, 8], "rotation": 270, "texture": "#0"},
				"down": {"uv": [8, 0, 9, 1], "rotation": 90, "texture": "#0"}
			}
		},
		{
			"from": [5, 1, 7],
			"to": [7, 3, 9],
			"rotation": {"angle": -45, "axis": "y", "origin": [8, 0, 8]},
			"faces": {
				"north": {"uv": [1, 8, 2, 12], "texture": "#0"},
				"east": {"uv": [1, 8, 2, 12], "texture": "#0"},
				"south": {"uv": [1, 8, 2, 12], "texture": "#0"},
				"west": {"uv": [1, 8, 2, 12], "texture": "#0"},
				"up": {"uv": [1, 8, 2, 9], "rotation": 270, "texture": "#0"},
				"down": {"uv": [1, 11, 2, 12], "rotation": 90, "texture": "#0"}
			}
		}
	]
}