{
	"credit": "Made with Blockbench",
	"textures": {
		"0": "block/oak_sapling",
		"particle": "block/oak_sapling"
	},
	"elements": [
		{
			"from": [7, 0, 7],
			"to": [9, 2, 9],
			"rotation": {"angle": 45, "axis": "y", "origin": [8, 0, 8]},
			"faces": {
				"north": {"uv": [0, 8, 1, 9], "texture": "#0"},
				"east": {"uv": [0, 8, 1, 9], "texture": "#0"},
				"south": {"uv": [0, 8, 1, 9], "texture": "#0"},
				"west": {"uv": [0, 8, 1, 9], "texture": "#0"},
				"up": {"uv": [0, 8, 1, 9], "texture": "#0"},
				"down": {"uv": [0, 9, 1, 10], "texture": "#0"}
			}
		},
		{
			"from": [4, 2, 4],
			"to": [12, 10, 12],
			"rotation": {"angle": 45, "axis": "y", "origin": [8, 0, 8]},
			"faces": {
				"north": {"uv": [0, 0, 8, 8], "texture": "#0"},
				"east": {"uv": [0, 0, 8, 8], "texture": "#0"},
				"south": {"uv": [0, 0, 8, 8], "texture": "#0"},
				"west": {"uv": [0, 0, 8, 8], "texture": "#0"},
				"up": {"uv": [8, 0, 16, 8], "texture": "#0"},
				"down": {"uv": [8, 0, 9, 1], "texture": "#0"}
			}
		}
	]
}