{
	"credit": "Made with Blockbench",
	"textures": {
		"0": "block/dark_oak_sapling",
		"1": "block/dark_oak_sapling_top",
		"particle": "block/dark_oak_sapling"
	},
	"elements": [
		{
			"from": [7, 0, 7],
			"to": [9, 6, 9],
			"rotation": {"angle": 45, "axis": "y", "origin": [8, 3, 8]},
			"faces": {
				"north": {"uv": [10, 0, 11, 7], "texture": "#0"},
				"east": {"uv": [10, 0, 11, 7], "texture": "#0"},
				"south": {"uv": [10, 0, 11, 7], "texture": "#0"},
				"west": {"uv": [10, 0, 11, 7], "texture": "#0"},
				"up": {"uv": [10, 6, 11, 7], "texture": "#0"},
				"down": {"uv": [10, 0, 11, 1], "texture": "#0"}
			}
		},
		{
			"from": [3, 6, 3],
			"to": [13, 16, 13],
			"rotation": {"angle": 45, "axis": "y", "origin": [8, 10, 8]},
			"faces": {
				"north": {"uv": [0, 0, 10, 10], "texture": "#0"},
				"east": {"uv": [0, 0, 10, 10], "texture": "#0"},
				"south": {"uv": [0, 0, 10, 10], "texture": "#0"},
				"west": {"uv": [0, 0, 10, 10], "texture": "#0"},
				"up": {"uv": [0, 0, 10, 10], "texture": "#1"},
				"down": {"uv": [0, 0, 1, 1], "texture": "#0"}
			}
		},
		{
			"from": [5, 3, 7],
			"to": [7, 5, 9],
			"rotation": {"angle": 45, "axis": "y", "origin": [6, 2, 8]},
			"faces": {
				"north": {"uv": [11, 0, 12, 4], "texture": "#0"},
				"east": {"uv": [11, 0, 12, 4], "texture": "#0"},
				"south": {"uv": [11, 0, 12, 4], "texture": "#0"},
				"west": {"uv": [11, 0, 12, 4], "texture": "#0"},
				"up": {"uv": [11, 0, 12, 1], "texture": "#0"},
				"down": {"uv": [11, 3, 12, 4], "texture": "#0"}
			}
		},
		{
			"from": [9, 1, 7],
			"to": [11, 3, 9],
			"rotation": {"angle": 45, "axis": "y", "origin": [10, 4, 8]},
			"faces": {
				"north": {"uv": [11, 0, 12, 4], "texture": "#0"},
				"east": {"uv": [11, 0, 12, 4], "texture": "#0"},
				"south": {"uv": [11, 0, 12, 4], "texture": "#0"},
				"west": {"uv": [11, 0, 12, 4], "texture": "#0"},
				"up": {"uv": [11, 0, 12, 1], "texture": "#0"},
				"down": {"uv": [11, 3, 12, 4], "texture": "#0"}
			}
		}
	]
}