{
	"credit": "Made with Blockbench",
	"textures": {
		"0": "block/acacia_sapling",
		"particle": "block/acacia_sapling"
	},
	"elements": [
		{
			"from": [7, 0, 7],
			"to": [9, 9, 9],
			"rotation": {"angle": 45, "axis": "y", "origin": [8, 3, 8]},
			"faces": {
				"north": {"uv": [0, 5, 1, 16], "texture": "#0"},
				"east": {"uv": [0, 5, 1, 16], "texture": "#0"},
				"south": {"uv": [0, 5, 1, 16], "texture": "#0"},
				"west": {"uv": [0, 5, 1, 16], "texture": "#0"},
				"up": {"uv": [0, 15, 1, 16], "texture": "#0"},
				"down": {"uv": [0, 5, 1, 6], "texture": "#0"}
			}
		},
		{
			"from": [4, 9, 4],
			"to": [12, 14, 12],
			"rotation": {"angle": 45, "axis": "y", "origin": [8, 10, 8]},
			"faces": {
				"north": {"uv": [0, 0, 8, 5], "texture": "#0"},
				"east": {"uv": [0, 0, 8, 5], "texture": "#0"},
				"south": {"uv": [0, 0, 8, 5], "texture": "#0"},
				"west": {"uv": [0, 0, 8, 5], "texture": "#0"},
				"up": {"uv": [8, 0, 16, 8], "texture": "#0"},
				"down": {"uv": [8, 0, 9, 1], "texture": "#0"}
			}
		},
		{
			"from": [5, 6, 7],
			"to": [7, 8, 9],
			"rotation": {"angle": 45, "axis": "y", "origin": [8, 2, 8]},
			"faces": {
				"north": {"uv": [1, 5, 2, 9], "texture": "#0"},
				"east": {"uv": [1, 5, 2, 9], "texture": "#0"},
				"south": {"uv": [1, 5, 2, 9], "texture": "#0"},
				"west": {"uv": [1, 5, 2, 9], "texture": "#0"},
				"up": {"uv": [1, 5, 2, 6], "texture": "#0"},
				"down": {"uv": [1, 8, 2, 9], "texture": "#0"}
			}
		},
		{
			"from": [9, 4, 7],
			"to": [11, 6, 9],
			"rotation": {"angle": 45, "axis": "y", "origin": [8, 4, 8]},
			"faces": {
				"north": {"uv": [1, 5, 2, 9], "texture": "#0"},
				"east": {"uv": [1, 5, 2, 9], "texture": "#0"},
				"south": {"uv": [1, 5, 2, 9], "texture": "#0"},
				"west": {"uv": [1, 5, 2, 9], "texture": "#0"},
				"up": {"uv": [1, 5, 2, 6], "texture": "#0"},
				"down": {"uv": [1, 8, 2, 9], "texture": "#0"}
			}
		}
	]
}