{
	"credit": "Made with Blockbench",
	"textures": {
		"1": "block/jungle_sapling",
		"particle": "block/jungle_sapling"
	},
	"elements": [
		{
			"from": [7, 0, 7],
			"to": [9, 6, 9],
			"rotation": {"angle": 0, "axis": "y", "origin": [8, 3, 8]},
			"faces": {
				"north": {"uv": [0, 7, 1, 14], "texture": "#1"},
				"east": {"uv": [0, 7, 1, 14], "texture": "#1"},
				"south": {"uv": [0, 7, 1, 14], "texture": "#1"},
				"west": {"uv": [0, 7, 1, 14], "texture": "#1"},
				"up": {"uv": [0, 8, 1, 9], "texture": "#1"},
				"down": {"uv": [0, 7, 1, 8], "texture": "#1"}
			}
		},
		{
			"from": [4, 6, 4],
			"to": [12, 13, 12],
			"rotation": {"angle": 0, "axis": "y", "origin": [8, 10, 8]},
			"faces": {
				"north": {"uv": [0, 0, 8, 7], "texture": "#1"},
				"east": {"uv": [0, 0, 8, 7], "texture": "#1"},
				"south": {"uv": [0, 0, 8, 7], "texture": "#1"},
				"west": {"uv": [0, 0, 8, 7], "texture": "#1"},
				"up": {"uv": [8, 0, 16, 8], "texture": "#1"},
				"down": {"uv": [8, 0, 9, 1], "texture": "#1"}
			}
		},
		{
			"from": [7, 2, 9],
			"to": [9, 4, 11],
			"rotation": {"angle": 0, "axis": "y", "origin": [8, 4, 8]},
			"faces": {
				"north": {"uv": [1, 7, 2, 11], "texture": "#1"},
				"east": {"uv": [1, 7, 2, 11], "texture": "#1"},
				"south": {"uv": [1, 7, 2, 11], "texture": "#1"},
				"west": {"uv": [1, 7, 2, 11], "texture": "#1"},
				"up": {"uv": [1, 7, 2, 8], "texture": "#1"},
				"down": {"uv": [1, 10, 2, 11], "texture": "#1"}
			}
		}
	]
}